Model,Accuracy,MAE,MSE,AUC
classification_model,0.754375,0.00014033721810659063,8.476923897003571e-05,0.998567348323409
