Model,Accuracy,MAE,MSE,AUC
concatenate_model,0.88475,0.1453421687677781,0.08454584183640262,0.9518134062499999
