Model,Accuracy,MAE,MSE,AUC
concatenate_model,0.87425,0.169484390202746,0.09319845218051803,0.9441292499999999
